timestamp,model_version,rmse,threshold,status,retrained,previous_baseline_rmse,epochs_ran,validation_rows,promoted,uploaded_rows
2026-04-07T02:21:28,20260407_022128,232.77177496154897,250.0,retrained_promoted,True,,15.0,16800.0,True,
2026-04-07T02:27:02,20260407_022128,232.77177496154897,250.0,predict_only,False,,,,,16800.0
2026-04-07T02:31:36,20260407_022128,232.77177496154897,250.0,predict_only,False,,,,,16800.0
2026-04-07T09:09:08,20260407_022128,232.77177496154897,250.0,predict_only,False,,,,,16800.0
2026-04-07T09:30:12,20260407_093012,234.46479113344503,250.0,retrained_promoted,True,,15.0,16800.0,True,
2026-04-07T09:38:46,20260407_093846,254.312307999436,250.0,retrained_promoted,True,,15.0,38500.0,True,
2026-04-07T09:50:47,20260407_093846,259.1999710648132,250.0,retrained_rejected,True,254.312307999436,13.0,38500.0,False,
2026-04-07T10:01:52,20260407_100152,303.6074125206761,250.0,retrained_promoted,True,,13.0,36100.0,True,
2026-04-07T10:08:59,20260407_100859,282.72068260917877,250.0,retrained_promoted,True,,13.0,38500.0,True,
